{"file_hashes":[{"block_hashes":["thuC/rrj4/pqbUuGI2B/+Gp/BhLQlCQ0Unzu8bmMBRQ="],"block_size":4096,"path":"_locales/en/messages.json"},{"block_hashes":["t0TW3CyhhfhRpFkzCgSjpWiN8FGsgQwBlA6E35LON4M="],"block_size":4096,"path":"_locales/ko/messages.json"},{"block_hashes":["p2QccxSLjEnWy1entRD/+XiMQI+OKkq9y0sCtifVPuc="],"block_size":4096,"path":"bg.js"},{"block_hashes":["//d4CIRrbgxft51ZrVFjYEDYVCAJ4MN1Jhv26L0cotA="],"block_size":4096,"path":"dist/css/bootstrap-theme.css"},{"block_hashes":["NNebHea/XhfJb1amkHszSDGgjX7NrCq+GcuvBOmkDNY=","x0FR9PD6HePXWaTM+0jPWQj3iKtTOguIBWVQL8t9MJM=","YIhcBkaECHc+oWIYXx9suYPPlH3wPPNhMHjWkXUwdBw=","x4gkJg0i6eP+hFwuQLYc/Qu4/2k5njk+wqze+nYfsJA=","9hx8HAV0UgdSXxMARoDfYryzgMVcTzizsQCI8c86Fg8=","6wNPET4lX5HekN9Ll7ahKYZKW4Cp0pUGCxuNC/chNPE=","9RI5vmAN17UqeGCemddv3wj62Vwk32j2KlmulyjZFK8=","uptFzuKZa+r+cKq84zSQuPzRGPen2fOItucQioXUOAQ=","EqOcF7DUOCKVht7PXUAZzn5kpoRk7ENLbRq7I8IgHY4=","xywH+5yorMzx8zVRA1Ev5R1Os9w4YVanDXNfvic9gho=","3uFaPyeomoSnFgyJrN8luJb6bW7S3s2x5t130p7rfSA=","yDGzyTVGp+aTZJkl+ziFH5se2j/kp3Caq3Hu7VAzG20=","0bDqeY2qRtw2Dm+Jo/lKJSkLfUGBnFns9Qr/A+ub1z0=","pJegrDDUwuOAXj+CT9v77i4ZzyGbEqpzVU9x0Ls3eBs=","iKUNLmFQAkdB23BcuTmi3GteqZYNGiJ+H55jaeOHJhk=","FvUVqcmllUXBMfulpYoZZrOE1Rn14K2GSkn/zlw6894=","MeEhd/ZGulaJglOu0HNDf5OI6MaSSKh5uwyvnVfuMKg=","wcocbk01uaSWu+4xN7HYddVcG1kzpxJ+BYBIV8MQypw=","3ReoAjtiCgJRI1RNvVtUAqRvywuYVewawB3URRPk0cs=","TTliNfDs1Qzx9omCmfJmgzTjSIAGndxOM98a5LQqI0E=","6pPUowd9k9XrZhwF+3KqDlFhX8iMFdOtZB1uXc0IH68=","dk9z2McUREaOrzzw1AGfDTI1/8Gc5jrKsNqwxBGdXGk=","njicKx67kcEhpcAxCQI52nCq/8NXcpip2gXlKCCnhTg=","HmcKGQt+KOnlGcwyndUytXwKSSZa02aVbtREJjHMfMs=","VbYiSGXCzzCnm3PF1nGbx3q4cjra7SoTnCCiqUSAoQY=","/LY7AkKzDctElnlr0j5NfnmlK9UExImC5P4vBxqxblU=","3t5/b4yOnnFcq3usqmEGmd9X383+spy9180vpkEXmC0=","/lByyscyISkvY4RxMG2kOKmses/JKYqCMm2gTfvVlEU=","bZ1A3ns8HXXoZfYNNHSIvtqOG5/J3lXFHqypcNW32QE=","z9TMg8ZHEzPqLsYUWwioFjAkakO2Q9/y9r0CWZEmgwQ=","Hp9nrhw8rzYCDEN5N3Nvx9pMxnHKixbceMnX+duv5no=","7IxOQyMa/xjcJhkB3LZpjJyKnM1BfI9P1RELSWofRhY=","hZmP/Rh5VvZoS1hZDFi/4x4pwlcsfs/pH+jhSXMNH5o=","gLE6f/E8Jy4wMW3n8A+j5JSMRpsezJNc7TImN9AODb0=","ugBLGOB4kVRKClLCuc3nPgR+PaIoMKuEZCxea61Rzec=","Se5TFIG+WrYwq92uovndcEGL5Mb9jIRsa551eGV2KVk=","1+83hy+bulSEKoXh3/vhhhUE9AIi20hUsYe9W7EInMI=","n8A1Ryocvyh8NweKB+7Vx/htuUM1gBQymPt+B4ba19c=","wFwRza/Ph9ZrMCHaATQXIwEbOj3pHpH3xiCqE0KIOCU=","Z/D3WX+aR7u0IQcyK1WYfwBeWo8hj+AbdMpSZeU4sRY=","SD3EGWgHLFBz4gf6G+q4SSyWn/H0b4550JqmA3Y2hrM=","ZXAiIc6OsSIbLxrZp2JrzssZFe71xPBF3ESG3yqp088=","VCWCPRYSFc8kXsIHzbZUIrmEZPAITuX/u/5H6DH93y0=","OAxxLnCYEjGyPFUNyGR5nzudbN/8NGRkVbtQxh7JvbM=","ZC5zQmrhrWi/6PCO8vovnz9xxo8EVd2rjrsXSjJc0QM=","iEDi7aXcdz9vdRPNS18g2QrIrbcSAKZs7X6NqO5Zh1M=","x2lr/SOUlmCWRDYF50ui61B+Mzdwg1BEji6VBb8BTMM=","j0jkcdvJnZQM+n/FBtht+MLZzd8Imq8sR4/7TwMdKf0=","FYGHgkQc2I5Ai697tm9ArQWuTDHdhN5PSdzEr0xE7Po=","nkUulRoksF/tk6wfYQedtXw9bsCUGNwuDZFzwseotT0=","PC0wK5vP0E4O2AVF/SLh/Zape6ncsUcdn/5SJfWSslA=","E1lLU2Ee0fZ5uAfZlQaQr6Hu4UhoGMDjmDw5ZWDq8Zo=","0OlTQ7a3/EQjVPCbSCAQ74raCydzLjfqlFr1orLSxjk=","VyJrVOucxe1Mvg4wkuzB/FoJemiAhyeYuOVd7ofRig0="],"block_size":4096,"path":"dist/css/bootstrap.css.map"},{"block_hashes":["s8SDhGE6a7Nx5BGpz1tnFy5T/5bM8lb77tWYPyT22/c=","Gh/XwjSrVVbwLCxS1rop1cvMZPbUxqKylQYrTPauPqM=","8yJM5lOdYIGJtdH6FtOJ4r/caGkTJkouJLEisg1VJbQ=","rhvwokQxP2yqVunSP6YTaAD4G3twX32BM9H6BnE6d2s=","I45WLjMOxIqbAYEAi+U1Lx3wsXFGO8XGzTSaOulaK8w=","yN8huhLLP7g9sHM5eEpt25gqNA6TP6d2BcmDd2I3xH0=","odLRQNF9+mvCQXtr45ExZ4Ag8HqDxE7Dxkd1HsfG9KQ=","nh6K8SZux845HiC1WJeuJSjgl2YFcSqwyqRjTfqGcxc=","F2kXNxqX2IGqsICkxgEN1EI9f7zyQXBnH6UNCC5qNmA=","d7yNOwomIaXfHooJ2N8pq4dBHF6zCMVREbJ1LNGHDFE=","CPLuEYOgeQmBG1lutCnKbZ+3NOfEa7JuqH2pExpeyDo=","YWstmRneNWZ9Zx+ddtZrld8iXIoZrWaxBc6sBj3jIS0=","0ob5E3b608VnKw24ewUdaCRvAVN4aycm9OuHdYJgBTI=","7xF1Hovm6brFObhrTJ7198E6Xf1SBeTulYo+8diSlbg=","OSsVUNTaCd0FjqtHpJR11VZyqiAfRF/9nH0ClxPzbvo=","0RMSyc68hY6IZ/+jbdXjfMoVRBacY+EgzXv7VY7wQig=","bYDjB1lth2RozLPE1kQX2R6i0ZthPiXjIUGb45/5c0s=","pRK2KwVaLemADVWeQzHqorcsGPEncW9WtNm+PeJpDXs=","h2ivY70mPTZPFpi3AmdFSReslhrXhaCjnLbfD4Yvm0E=","M7yFeR/syyxxr+t8T6UIq+u2ql+Jh7MAJBmTvyh6t6k=","XBLo70wkFKMUCskeEegP6xZ4KJxhfuz7gnfmyY+Fibs=","WWpW9sMxuW8tMk7S3yOGrcjhJIzOeSChsF0fC7JZBHc=","AL+EI4Le+flWgKACrhx/KgR2M73YkoIoXQMrb5Fy7nw=","gMMfac3PdPWmHeqNn1a5g1hxMLL6N4hH0baRk848/6w=","/gskcN33qunJzT4LwcBtjJY2mFwyvAX9ggIYbkQ0tRQ=","njI3gTbzhOCAPsR3OJFjcxnYF94yM2Fv4LVXOTyAhpY=","ZVQrgOb4cjsBCW8tKMIGLw+8X+Dk6Dg3+EUAP2qHuz4="],"block_size":4096,"path":"dist/css/bootstrap.min.css"},{"block_hashes":["gMe71XwrWLc8sk8F4/IVnfFj1TdxHZlsdbo+37yXouc=","AUvbkN1wcJXMNwTw3J+Kp/EeIVFuuj2ktfZRNyuJtiY=","OZqCwSBqxVMsIYeaEa47GuyLhztS3zI2pbxntwsLL3U=","aE0MIsDuMNY2M63MHtwjCpyhe+3njBVHiyorsEJMmRg=","vpBaEnUhE7IfSIEeTeDbydZn3G/vPU7zR+W/vdYR7JM="],"block_size":4096,"path":"dist/fonts/glyphicons-halflings-regular.eot"},{"block_hashes":["vjyCHZQC3s9C3ZXF7oMuR6Pip2m0kf5l5w07cPQktoI=","cY76BcUEPIdJuEmevIZUCoI4knMSafcp1QmYSPQm8YU=","gblDf4+OoFkGJsS33SIznrKeUtCB2dwMW5mQ/lqd2Fg=","osAFjM03y7dT+N150WJxH6Tdy1/A+t4mgiDrvdxta1M=","KFxkpQ/X1OIZYmyZV0gnBD0I/7Q4rEoZ12TLPbiZla4=","qJ3HEknpJyUOTKE0xBOczyiuWH8aT4DpD9OpeS0zp8Q=","F1VYRFRKTOwYnQ1IlBzXjmuz+iv2xKKdCB3RkLQX7iA=","iDXFL2HhjUUVNd7MX8osfBZneXw7CzSyzhqhsZMTtwM=","14niXwVWFNKPCD/JhSfVLJ3I51x7Z9aOQ0+DOlRjId0=","rW8jDRaI+nhDuNMKd23M+0OQn1RRQ3sNIuwCoTa4iF8=","LTx3oZUcsYEtIjSxANZJYQdJ9z+1sfCDqQM2n5FqJf4=","z78e1NRcHEDuQRnuaX7DyfGal0BkXo+HPy8ka2aHOSU=","z7soMt9rUic7rJtw31Z/mmpRhmlebZHAdOa3L9Zf688=","z7XnO7wuAzVe83D0h4Pka3yioOgIHXAKPIrUTJStDyY=","9dw/FUCLZu+CiqxocCrJjUix/eVqi5ZSMeP4kk8EJBY=","AxLiEYCfoa2YLoATkp4OH19WxtLN9FzQwT7PCikglKM="],"block_size":4096,"path":"dist/fonts/glyphicons-halflings-regular.svg"},{"block_hashes":["QlQ011qDz9jUuETFijYTeQF0UwR3dIFl0JkDCp7md38=","CyVLaA9xytjDdSAuXdN9R0VuA+8hLoqI8h3dyklpS90=","8AnLdmJH+1AUzrVtt2m6doBEo7ODnf83WL/LNaeEFGs=","VvNkbucsc05rNUX3gZ8PbHcKCXUqgc+x1BKt0hOwlBo=","fJk5YN2lHOHn05XgCaKs1B+myMMPO7wrN1nJHW4cxzc=","8KWzqhvgqm12ZzJxXFhfX4NEaG8IAlWM4RIXbRi74jU=","SBNkCiLLjAwGNcBkULWdutAq9qKE3FVI+pStytMq1Lc=","Rk+5+9SnSgi4z1GuWkTpCmYXhswkPoBskrZXhCWWbiU=","Qc587h7jZrQPtUmyG733tk7zox6FEz89CMgNmfmmTQM=","Bz0adBIUcujFGTtZcaQgXd/vvRLtSzIi/XkLasUPsgI=","X5omcndwWcGLT6picN6ezC0VDt+HbXQj576/59tzLSo="],"block_size":4096,"path":"dist/fonts/glyphicons-halflings-regular.ttf"},{"block_hashes":["6dKHAOmm2kfTpsnl5s+jrvqBBKu0OfwbhI0GhezVcNI=","i49ewFSO3lDDd5OSqo751jAALD8z4hQbuwSh5PWGTYg=","7Jg3sxEc0ViAXMpAZTIWvnamclFenHh364yKk/Zz16Q=","kGyAkSMoM+s3+qwn9pvtcFoSTHQ4eBJgSeFwelrXtGE=","5NSEeJAFyx5LwM6kt/GzBRwYMj1K38WVr6HFc73eXuw=","hyazWkGBK5+71A7ZVrWKN2HQyDnhzgfngdAyfNvwQzc="],"block_size":4096,"path":"dist/fonts/glyphicons-halflings-regular.woff"},{"block_hashes":["a+c5wBvmXqC6Mk9DJdO24LSBsI5AqzExKJjP9oHqjms=","LQIH//YUvPld2HaekWNvgOneVwh/y+YIe8M4NZuoQU8=","v2tbRkd/w/34O/B1KiUgZhFKwKWDJSAZoJ1xM/yai2Y=","YIyrb9FDW5chveO8nC2VyAl/P3jRmCAguFWkgbWUkzc=","3rlni2aq35Qv+3sU0k/0Kbe0kCtUo4zWE+ogJMlqZfs=","H2VP5TUolbNK40H5ShUgS2JNNQPWZ8sVF6zOcdkiy9M=","XZjRXWm0SmX0ZQT9qoLG7OpYDhZDb9OMK5ex2l7SvVw=","5kJ1yn6iP552c9A/jO0LXQOADRN8BBLomO9bYrpdxaM="],"block_size":4096,"path":"dist/js/bootstrap.min.js"},{"block_hashes":["em+zUXKjPRmhczN3lA2xu9LbJumDMSBrFmyzV4N4uAs=","oZ3ksgogtZGt2V3Hx7b3Bx4BWIlR9evH3ZYhb/0KNyI=","OgzJRMAJD4enE+clnRm/qZNi6JsfX45K8kV9Nt4QCSY=","nyRR6Dp0VMqEn52mlpMBalh5YTH79ptVX4xF9hvuDdg=","nZVKTz5dDHVBzwyZQCGTwh+1iI9vrPPStn+ofQrmCJU=","sL525yJ0NdnYt6T4O3GLe7gH1OeUFa0CCuP847Bt4f8=","aioB1FUKrDOomjfVeZ+/O6PjnTOPSahUzg1kn9dhN2c=","/lhKYZ03li7IxIrq81ffA+is3b5UzNJko6JDHFcclM8=","6pgtIpcZ0Am+MLSTlXgV8KnZ8kdhn8OzMbgdgh/oYic=","aLmgUE2EmuegHR+9I8/U8+I4gE+U2DOY30rjdZWtVhU=","83PRXgXhykGmv8/BGbtN0PXewB18FgHoniPox2HNHPg=","E45xC08Na1mSM3zP+HYWp+Tg8S+DPA849uwUDTqs914=","qQzaxLVOilF6+vrJjK+4cAoJzAWcUHPziYJWIWFPD/Y=","/kTwTmzSltVjAyOB3dsuAW6/ZQjOdg9m4cP62dW5Gzg=","EUzLInHw0bnwwl/si2Bq+d1SmoM1lOiYR6qIHFgB2l4=","19+EdsUk0Nb3wQrkIS9n1c0pH9d9fDlmFQ8xQeCQwNI=","Vng52q043+NbrSLYdbwDGfR+EokcfHmKmPRHyYvfm0M=","5xptDaL3cBg7ea4cHXciA9K+IMOIw0enfnxS1MAgjEw=","qvUsFD10WCWkpg8SoZQ6bHxLmq+L3mytwb8kr2uSePQ=","2+7UBeS56SXyzckHf0yLtsOnhttKmKAhXiZ5Vuy2mFc=","ccNHjFnp83SUhY8UMZPGDSjxuM+N6gkBIFe8fZE/+0o="],"block_size":4096,"path":"dist/js/jquery-2.1.1.min.js"},{"block_hashes":["fKTOPfQmk9FEAETjAEYSjwNnrdOo1slbhwARd8mKtvk=","o/sFLif/KOb4Pb/jZIvjXGT3k3NCe+4oPJuYI7DSh0s=","GM0SOvBShgRDNvS5iupJDcWmchOidSlHD6tli/iR6JA=","oAjVLVtb0c6C1pfXXgRIQPrvhrt61dbnAygvfOfCy0M=","gf3mCgl0lSPWuasdl3BVS5pLKKA8iJomO1I0yUbhrx8=","JWcJ6ZIV5S8X36SHQOCbqG+Qv79KA2B1shLOh/yi7LE=","YXb4X0mabUqH2PXR7pvCOLtY8Do3VbWPt3gi0W9BSO8=","SQ9pZ1x6kfloo2Xgqzf7bhSpX4BsP2sLooRTREaUR98=","/xdfmOy9G3ujFcqfVZUg/IRxhp/tunSi1BZsNEy2byM=","CloTjfx7okMx7wC9OsykCoOYtkOjTlndOeNwoyyqKcc=","6kzhX1U4iDi/LnNPGXZGfm/SheNxi+ErO8bo8OgFz7k=","TiB3lUmsj5hgzpXDURwn/H6fG4G+DtKel7KwRkDfaHo=","6tltBc/wbaeSmGj24lUyXZW1iqljcoyyaKAuBCOJYCU=","sUfELuQ/uwGQB19SjAuga2Jh0SfLq+r2flY4ArSdDaE=","WQlH3nlikBgk/YIm9GlYezxPIUMoyagSccWYmtLqtDE=","NJRYal2IhZK4lzbKAVIEWrt8uzq/Vh30WW5iEKT7TsU=","MJ+k5DqEyudTcTTh4Y4NfCR93MsozpJYMwh+bPGRws4=","kFAYR7edwYEyunmiwL0xx1uHcONifmIfuS95pewrmsw=","GYZ53z0HD1jejMa0XmLfz/fJC8xdhOOtG2eYeVWTMRU=","f89hDsTRzj4PSKvmJYTYNkLpDTWoFmKivrduxmiWHXE=","wuspp7yLjmdGmPOX0JFfXKPK+8xEvsyHAvFftINo4Js=","YS4cScQSivmt0fmtLXQM2E4pMRVVz3e2/WwKONfRAGA=","os/F4/XDXj/ywyq1DFunSPqJ1Q13DpDsz7cr3bwOwaM=","78lESdlcNMrIRAtaI1kNapbPxkvTi2E3GTJLFDYe7zM=","X+W3/Tnw0z8PNDmEzyujvhorpT8nDRDSZ7VBuEzvVYM=","xWl6d/cCZcnMLHbl+oC60J39aDmFY6afoQQfErhRRYA=","2abxyOboxAiv3KJOWeUpPoJuZIF/9/UP1mANru8yApQ=","16pdQNUJEasWpZUoEZjbV8Zh9xKj+VKo//yapwFWrDM=","Ir39pPB7P/uHiy/biFyy8l+ZOHu0lKbSqKc9/woy0II=","T+YUT/qVq1W8O4LxHVi83QJFY10ZhvO3wslR89q3lAc=","kL3LiTkT9jE0cQK/MP8nZkRhGenacxbY8Ms+5KCDQIg=","AdjOmrURvTOvYvkCta3zBgY1TozCsK4BnxI3CbWm0Xs="],"block_size":4096,"path":"dist/js/jquery-2.1.1.min.map"},{"block_hashes":["GOR/WwMEloeYKJK7ZT3ZKH9c635m7+V+SF3bktHO6Dk="],"block_size":4096,"path":"options.html"},{"block_hashes":["tnUOS1Qlxoh18xyV0mGkHzUp3EZ+DToDB1cCKg3iUzM="],"block_size":4096,"path":"options.js"}],"version":2}